batch,index,url
1.0,0.0,https://farm1.staticflickr.com/675/21480577570_4d62eb9c87_m.jpg
1.0,1.0,https://farm1.staticflickr.com/572/21668470825_b50803409b_m.jpg
1.0,2.0,https://farm6.staticflickr.com/5678/21480556360_459b92bacd_m.jpg
1.0,3.0,https://farm6.staticflickr.com/5835/21657077162_c9040351c8_m.jpg
1.0,4.0,https://farm1.staticflickr.com/716/21677644321_2927760455_m.jpg
1.0,5.0,https://farm1.staticflickr.com/759/21657012292_91eea570c8_m.jpg
1.0,6.0,https://farm6.staticflickr.com/5658/21481505909_0c4fe3d333_m.jpg
1.0,7.0,https://farm6.staticflickr.com/5728/21668308415_b6c822eba3_m.jpg
1.0,8.0,https://farm1.staticflickr.com/567/21642253066_c3d5cd28d0_m.jpg
1.0,9.0,https://farm6.staticflickr.com/5785/21047078203_0205372ba3_m.jpg
1.0,10.0,https://farm6.staticflickr.com/5726/21045332644_b68a30c066_m.jpg
1.0,11.0,https://farm6.staticflickr.com/5835/21667969725_da092f4898_m.jpg
1.0,12.0,https://farm1.staticflickr.com/724/21480996569_072fd99dc5_m.jpg
1.0,13.0,https://farm6.staticflickr.com/5752/21480992569_573e7d162e_m.jpg
1.0,14.0,https://farm6.staticflickr.com/5637/21667713385_557438b35a_m.jpg
1.0,15.0,https://farm1.staticflickr.com/591/21667710475_09257dcf33_m.jpg
1.0,16.0,https://farm6.staticflickr.com/5755/21641589366_e35aa2e165_m.jpg
1.0,17.0,https://farm1.staticflickr.com/660/21656251342_14b89d0d7e_m.jpg
1.0,18.0,https://farm6.staticflickr.com/5799/21044978714_fb7dfd09d5_m.jpg
1.0,19.0,https://farm6.staticflickr.com/5818/21480822909_8a1bebbd19_m.jpg
1.0,20.0,https://farm6.staticflickr.com/5776/21046651443_7da505eaba_m.jpg
1.0,21.0,https://farm6.staticflickr.com/5734/21480816449_ea58dde7f7_m.jpg
1.0,22.0,https://farm6.staticflickr.com/5679/21479605568_8ca885f8b3_m.jpg
1.0,23.0,https://farm1.staticflickr.com/715/21479447900_203224dfe2_m.jpg
1.0,24.0,https://farm1.staticflickr.com/720/21641304616_546f6a3ed0_m.jpg
1.0,25.0,https://farm1.staticflickr.com/567/21046270163_c712f7e025_m.jpg
1.0,26.0,https://farm1.staticflickr.com/671/21676302651_ed6c27ec88_m.jpg
1.0,27.0,https://farm6.staticflickr.com/5819/21479318468_36416d8593_m.jpg
1.0,28.0,https://farm6.staticflickr.com/5630/21640880966_4f5982f4e4_m.jpg
1.0,29.0,https://farm1.staticflickr.com/735/21480108929_7b9bb8a072_m.jpg
1.0,30.0,https://farm6.staticflickr.com/5669/21479072218_53fb792c7e_m.jpg
1.0,31.0,https://farm6.staticflickr.com/5706/21640839596_1bc9b5917f_m.jpg
1.0,32.0,https://farm6.staticflickr.com/5648/21676055031_9a4a1c2602_m.jpg
1.0,33.0,https://farm6.staticflickr.com/5812/21640798146_2347fe7de9_m.jpg
1.0,34.0,https://farm6.staticflickr.com/5784/21044169294_f61582185b_m.jpg
1.0,35.0,https://farm1.staticflickr.com/628/21045833993_ea0e7e932f_m.jpg
1.0,36.0,https://farm1.staticflickr.com/706/21640759526_f73d805ce0_m.jpg
1.0,37.0,https://farm1.staticflickr.com/758/21044132344_3d2e62974e_m.jpg
1.0,38.0,https://farm1.staticflickr.com/769/21675966771_6b0e661e5f_m.jpg
1.0,39.0,https://farm1.staticflickr.com/589/21666753065_483ab83428_m.jpg
1.0,40.0,https://farm1.staticflickr.com/588/21640693116_76b299f621_m.jpg
1.0,41.0,https://farm1.staticflickr.com/584/21478719190_675c3a7620_m.jpg
1.0,42.0,https://farm1.staticflickr.com/648/21675808251_225d3873f4_m.jpg
1.0,43.0,https://farm1.staticflickr.com/753/21479813219_a2faa7b710_m.jpg
1.0,44.0,https://farm1.staticflickr.com/755/21666564065_a2fbd93ae7_m.jpg
1.0,45.0,https://farm6.staticflickr.com/5764/21043912614_90300c09d1_m.jpg
1.0,46.0,https://farm1.staticflickr.com/728/21045593163_3a84e60799_m.jpg
1.0,47.0,https://farm1.staticflickr.com/755/21043911944_2a6237f0b0_m.jpg
1.0,48.0,https://farm6.staticflickr.com/5694/21640525616_8549f1c5f6_m.jpg
1.0,49.0,https://farm6.staticflickr.com/5791/21675756271_3395777b0b_m.jpg
1.0,50.0,https://farm1.staticflickr.com/756/21666562205_927e332c0b_m.jpg
1.0,51.0,https://farm6.staticflickr.com/5765/21666561675_5e73dff4ea_m.jpg
1.0,52.0,https://farm1.staticflickr.com/728/21655187412_5c77af537b_m.jpg
1.0,53.0,https://farm1.staticflickr.com/764/21675754901_58dabda06d_m.jpg
1.0,54.0,https://farm1.staticflickr.com/587/21043910024_62f03f0580_m.jpg
1.0,55.0,https://farm1.staticflickr.com/574/21666560385_5986d7f73a_m.jpg
1.0,56.0,https://farm1.staticflickr.com/685/21479764939_05b1c1d4ca_m.jpg
1.0,57.0,https://farm6.staticflickr.com/5678/21640523396_9c3197b42e_m.jpg
1.0,58.0,https://farm3.staticflickr.com/2947/15508288905_c83d6e9553_m.jpg
1.0,59.0,https://farm6.staticflickr.com/5819/21675602641_67bdbc5e32_m.jpg
1.0,60.0,https://farm6.staticflickr.com/5741/21045369633_574217cc43_m.jpg
1.0,61.0,https://farm1.staticflickr.com/692/21479539569_1c78327c46_m.jpg
1.0,62.0,https://farm1.staticflickr.com/753/21479534249_72fe9996ba_m.jpg
1.0,63.0,https://farm1.staticflickr.com/579/21479528299_1ec3fa94be_m.jpg
1.0,64.0,https://farm6.staticflickr.com/5773/21640274226_46d0136a51_m.jpg
1.0,65.0,https://farm1.staticflickr.com/735/21478408340_7de9d4ee54_m.jpg
1.0,66.0,https://farm1.staticflickr.com/676/21045322653_5dc81df799_m.jpg
1.0,67.0,https://farm6.staticflickr.com/5786/21666286475_ab85cfe5b8_m.jpg
1.0,68.0,https://farm1.staticflickr.com/653/21478391180_218818054b_m.jpg
1.0,69.0,https://farm6.staticflickr.com/5702/21043635244_016c3cd005_m.jpg
1.0,70.0,https://farm1.staticflickr.com/692/21045306803_19b67c5511_m.jpg
1.0,71.0,https://farm1.staticflickr.com/657/21640238686_aa4d18f235_m.jpg
1.0,72.0,https://farm6.staticflickr.com/5639/21045297493_211d6b25bf_m.jpg
1.0,73.0,https://farm6.staticflickr.com/5716/21479462389_8c206a874b_m.jpg
1.0,74.0,https://farm1.staticflickr.com/643/21654872942_71e578da2f_m.jpg
1.0,75.0,https://farm6.staticflickr.com/5704/21045267183_a0a01ec43b_m.jpg
1.0,76.0,https://farm1.staticflickr.com/756/21675421021_c196040f74_m.jpg
1.0,77.0,https://farm1.staticflickr.com/715/21478322720_c3f28f5be2_m.jpg
1.0,78.0,https://farm6.staticflickr.com/5830/21478392628_2a873ef941_m.jpg
1.0,79.0,https://farm6.staticflickr.com/5735/21478385418_a05cb2a42b_m.jpg
1.0,80.0,https://farm1.staticflickr.com/648/21478298370_eeb8bdc582_m.jpg
1.0,81.0,https://farm6.staticflickr.com/5806/21478290460_7892009c83_m.jpg
1.0,82.0,https://farm1.staticflickr.com/563/21479384289_5a40e9dbf9_m.jpg
1.0,83.0,https://farm1.staticflickr.com/661/21478354248_a62973c4ee_m.jpg
1.0,84.0,https://farm1.staticflickr.com/651/21640129696_99f793bf17_m.jpg
1.0,85.0,https://farm6.staticflickr.com/5657/21478341388_9d5212d4cf_m.jpg
1.0,86.0,https://farm6.staticflickr.com/5642/21478334338_b5799163a0_m.jpg
1.0,87.0,https://farm6.staticflickr.com/5673/21666147045_0ace7f1217_m.jpg
1.0,88.0,https://farm6.staticflickr.com/5835/21045168763_0751fb035c_m.jpg
1.0,89.0,https://farm6.staticflickr.com/5834/21666131795_014127839e_m.jpg
1.0,90.0,https://farm6.staticflickr.com/5801/21045147523_67d55d5aab_m.jpg
1.0,91.0,https://farm6.staticflickr.com/5657/21478294548_587690061c_m.jpg
1.0,92.0,https://farm1.staticflickr.com/673/21045134183_8a125158d1_m.jpg
1.0,93.0,https://farm6.staticflickr.com/5821/21675290981_f6f26d8fee_m.jpg
1.0,94.0,https://farm1.staticflickr.com/776/21478269078_7913d68611_m.jpg
1.0,95.0,https://farm6.staticflickr.com/5617/21675269391_986710362b_m.jpg
1.0,96.0,https://farm1.staticflickr.com/727/21479269699_f157821f9e_m.jpg
1.0,97.0,https://farm6.staticflickr.com/5714/21666055675_5caef9dc27_m.jpg
1.0,98.0,https://farm1.staticflickr.com/626/21043400454_900357556c_m.jpg
1.0,99.0,https://farm1.staticflickr.com/777/21654660612_776f7e60e1_m.jpg
1.0,100.0,https://farm6.staticflickr.com/5677/21639978416_92142315dd_m.jpg
1.0,101.0,https://farm1.staticflickr.com/591/21675198511_c22c9514f4_m.jpg
1.0,102.0,https://farm1.staticflickr.com/780/21043352404_1b4101a5c6_m.jpg
1.0,103.0,https://farm6.staticflickr.com/5644/21045012233_86cb570c3c_m.jpg
1.0,104.0,https://farm6.staticflickr.com/5776/21043323924_18648c4c53_m.jpg
1.0,105.0,https://farm6.staticflickr.com/5781/21654587942_5cbc3c4681_m.jpg
1.0,106.0,https://farm1.staticflickr.com/646/21479154419_5384780c2b_m.jpg
1.0,107.0,https://farm6.staticflickr.com/5641/21478122028_20b648934e_m.jpg
1.0,108.0,https://farm6.staticflickr.com/5667/21479132019_d78b3afd1e_m.jpg
1.0,109.0,https://farm6.staticflickr.com/5689/21478097218_e29d86b64a_m.jpg
1.0,110.0,https://farm6.staticflickr.com/5706/21639861556_a76e16d4ab_m.jpg
1.0,111.0,https://farm1.staticflickr.com/626/21477992670_dd7f8eac54_m.jpg
1.0,112.0,https://farm1.staticflickr.com/647/21479085519_8bb37b7779_m.jpg
1.0,113.0,https://farm6.staticflickr.com/5688/21477970870_2e907abe5e_m.jpg
1.0,114.0,https://farm6.staticflickr.com/5790/21654486802_c7531da70d_m.jpg
1.0,115.0,https://farm6.staticflickr.com/5678/21044877943_0b18473842_m.jpg
1.0,116.0,https://farm1.staticflickr.com/696/21479048869_340426cf21_m.jpg
1.0,117.0,https://farm6.staticflickr.com/5710/21478010608_59aa1b2846_m.jpg
1.0,118.0,https://farm6.staticflickr.com/5715/21479026789_36e289a78a_m.jpg
1.0,119.0,https://farm6.staticflickr.com/5624/21665810355_23d59c1ce4_m.jpg
1.0,120.0,https://farm6.staticflickr.com/5817/21044825943_e9e5ca40b2_m.jpg
1.0,121.0,https://farm6.staticflickr.com/5686/21639760766_710f2b3846_m.jpg
1.0,122.0,https://farm6.staticflickr.com/5752/21674993641_6c4273b8b9_m.jpg
1.0,123.0,https://farm6.staticflickr.com/5649/21639752006_37a03c1be6_m.jpg
1.0,124.0,https://farm6.staticflickr.com/5675/21478347550_a779a719be_m.jpg
1.0,125.0,https://farm6.staticflickr.com/5748/21675378441_1f0d390f26_m.jpg
1.0,126.0,https://farm6.staticflickr.com/5667/21675266301_85a288a077_m.jpg
1.0,127.0,https://farm1.staticflickr.com/678/21640031706_b1f0105322_m.jpg
1.0,128.0,https://farm6.staticflickr.com/5803/21478148540_8a5dd4d8a8_m.jpg
1.0,129.0,https://farm1.staticflickr.com/765/21639995966_6b27e414db_m.jpg
1.0,130.0,https://farm6.staticflickr.com/5661/21665849105_45e170f953_m.jpg
1.0,131.0,https://farm1.staticflickr.com/662/21477944628_2b1f6c27f3_m.jpg
1.0,132.0,https://farm1.staticflickr.com/780/21478911359_77d4ae2dd8_m.jpg
1.0,133.0,https://farm6.staticflickr.com/5630/21477681090_ae64cdc80d_m.jpg
1.0,134.0,https://farm6.staticflickr.com/5782/21044568413_65ee69bbf3_m.jpg
1.0,135.0,https://farm6.staticflickr.com/5751/21654168362_06de4541f8_m.jpg
1.0,136.0,https://farm1.staticflickr.com/777/21477622330_42a815e8e6_m.jpg
1.0,137.0,https://farm6.staticflickr.com/5653/21478676029_d73b81c616_m.jpg
1.0,138.0,https://farm1.staticflickr.com/703/21044422833_6db86a404f_m.jpg
1.0,139.0,https://farm6.staticflickr.com/5680/21044383913_09e4777dc9_m.jpg
1.0,140.0,https://farm1.staticflickr.com/705/21044382313_f5cd3cf80a_m.jpg
1.0,141.0,https://farm1.staticflickr.com/687/21478477579_2efb1879a5_m.jpg
1.0,142.0,https://farm6.staticflickr.com/5721/21042597444_0a4101d5da_m.jpg
1.0,143.0,https://farm6.staticflickr.com/5705/21477395738_ec0acbc16d_m.jpg
1.0,144.0,https://farm6.staticflickr.com/5725/21653810332_0b8a3c4772_m.jpg
1.0,145.0,https://farm6.staticflickr.com/5717/21478283129_f2367d7940_m.jpg
1.0,146.0,https://farm6.staticflickr.com/5703/21042426944_2e25210df1_m.jpg
1.0,147.0,https://farm1.staticflickr.com/640/21653700992_de9ace09b8_m.jpg
1.0,148.0,https://farm1.staticflickr.com/628/21477090970_33b1d1d59b_m.jpg
1.0,149.0,https://farm6.staticflickr.com/5756/21477113448_4cb38161ed_m.jpg
1.0,150.0,https://farm6.staticflickr.com/5737/21478095219_fd0df2fb21_m.jpg
1.0,151.0,https://farm6.staticflickr.com/5820/21477064988_923de17b1d_m.jpg
1.0,152.0,https://farm6.staticflickr.com/5811/21476950070_4d5a05fac8_m.jpg
1.0,153.0,https://farm1.staticflickr.com/666/21042131154_2981c569d9_m.jpg
1.0,154.0,https://farm1.staticflickr.com/589/21673907701_0324de87d8_m.jpg
1.0,155.0,https://farm1.staticflickr.com/578/21042036834_3545c24d13_m.jpg
1.0,156.0,https://farm6.staticflickr.com/5822/21476783560_14d42f177f_m.jpg
1.0,157.0,https://farm6.staticflickr.com/5751/21476855798_7eba24642f_m.jpg
1.0,158.0,https://farm1.staticflickr.com/567/21673863431_46a063d4b6_m.jpg
1.0,159.0,https://farm6.staticflickr.com/5727/21673863411_bf8a92808d_m.jpg
1.0,160.0,https://farm6.staticflickr.com/5697/21476777050_64b36b5ee7_m.jpg
1.0,161.0,https://farm1.staticflickr.com/755/21638623566_b7c5d54f1e_m.jpg
1.0,162.0,https://farm1.staticflickr.com/580/21664558315_f615b982f7_m.jpg
1.0,163.0,https://farm8.staticflickr.com/7413/13905111339_ceb660f044_m.jpg
1.0,164.0,https://farm1.staticflickr.com/686/21653184002_7544d4cce1_m.jpg
1.0,165.0,https://farm1.staticflickr.com/649/21653183132_29fd693684_m.jpg
1.0,166.0,https://farm6.staticflickr.com/5663/21673742681_126f3e68be_m.jpg
1.0,167.0,https://farm6.staticflickr.com/5716/21041906734_ba2d0f035a_m.jpg
1.0,168.0,https://farm1.staticflickr.com/622/21664546285_b0cf7eaff4_m.jpg
1.0,169.0,https://farm6.staticflickr.com/5686/21476657110_4cc69824ca_m.jpg
1.0,170.0,https://farm6.staticflickr.com/5750/21476653410_a17ab7c7a4_m.jpg
1.0,171.0,https://farm6.staticflickr.com/5801/21664540375_26771a32cb_m.jpg
1.0,172.0,https://farm1.staticflickr.com/704/21653170512_459e7a33ef_m.jpg
1.0,173.0,https://farm6.staticflickr.com/5829/21476721858_e6e640c437_m.jpg
1.0,174.0,https://farm6.staticflickr.com/5705/21638503446_c46ed29937_m.jpg
1.0,175.0,https://farm6.staticflickr.com/5768/21476719488_6aa7d08d77_m.jpg
1.0,176.0,https://farm1.staticflickr.com/629/21476462328_c86d194822_m.jpg
1.0,177.0,https://farm6.staticflickr.com/5672/21477218499_0a801381ea_m.jpg
1.0,178.0,https://farm6.staticflickr.com/5796/21673366121_c347619f58_m.jpg
1.0,179.0,https://farm6.staticflickr.com/5830/21664177575_c0db43eb04_m.jpg
1.0,180.0,https://farm6.staticflickr.com/5679/21043208433_5acc22d925_m.jpg
1.0,181.0,https://farm6.staticflickr.com/5678/21476360678_75b9d38d2d_m.jpg
1.0,182.0,https://farm1.staticflickr.com/690/21476360488_b74b4ed1a4_m.jpg
1.0,183.0,https://farm1.staticflickr.com/708/21638141196_9d8d106acd_m.jpg
1.0,184.0,https://farm1.staticflickr.com/706/21477383259_c7f87d762f_m.jpg
1.0,185.0,https://farm1.staticflickr.com/753/21673365361_bafc9f5f74_m.jpg
1.0,186.0,https://farm1.staticflickr.com/643/21477382599_92417a676b_m.jpg
1.0,187.0,https://farm1.staticflickr.com/732/21664176265_d5d00fd046_m.jpg
1.0,188.0,https://farm6.staticflickr.com/5815/21476286420_5b8b844419_m.jpg
1.0,189.0,https://farm1.staticflickr.com/741/21664176015_7c3191f347_m.jpg
1.0,190.0,https://farm6.staticflickr.com/5823/21673342581_a6ef8a6193_m.jpg
1.0,191.0,https://farm6.staticflickr.com/5676/21043147663_4506676361_m.jpg
1.0,192.0,https://farm6.staticflickr.com/5808/21042989983_56f5902388_m.jpg
1.0,193.0,https://farm1.staticflickr.com/617/21663925245_0ff0dbb6b6_m.jpg
1.0,194.0,https://farm6.staticflickr.com/5827/21042953673_46e44719a5_m.jpg
1.0,195.0,https://farm6.staticflickr.com/5752/21637886896_c7f8d02b54_m.jpg
1.0,196.0,https://farm1.staticflickr.com/600/21673052071_688ce7fc8e_m.jpg
1.0,197.0,https://farm6.staticflickr.com/5674/21042886253_6c25c245ee_m.jpg
1.0,198.0,https://farm1.staticflickr.com/692/21476036268_b61c53db3d_m.jpg
1.0,199.0,https://farm6.staticflickr.com/5649/21475961270_282026b7db_m.jpg
1.0,200.0,https://farm1.staticflickr.com/591/21652449122_b48def3deb_m.jpg
1.0,201.0,https://farm6.staticflickr.com/5656/21042792013_8f27ba2609_m.jpg
1.0,202.0,https://farm6.staticflickr.com/5721/21475911348_f711233266_m.jpg
1.0,203.0,https://farm1.staticflickr.com/749/21042673403_c8f4214eea_m.jpg
1.0,204.0,https://farm6.staticflickr.com/5722/21637578476_6ee1247eff_m.jpg
1.0,205.0,https://farm1.staticflickr.com/574/21663615145_42f924f9cd_m.jpg
1.0,206.0,https://farm1.staticflickr.com/575/21042582293_1e541faf69_m.jpg
1.0,207.0,https://farm6.staticflickr.com/5739/21476675789_b4cdd2a31d_m.jpg
1.0,208.0,https://farm6.staticflickr.com/5708/21672626061_78bff1e8a0_m.jpg
1.0,209.0,https://farm6.staticflickr.com/5690/21475510000_e4375603f7_m.jpg
1.0,210.0,https://farm6.staticflickr.com/5761/21040681964_ab7fd81cef_m.jpg
1.0,211.0,https://farm1.staticflickr.com/696/21042266993_e2cb69961e_m.jpg
1.0,212.0,https://farm1.staticflickr.com/682/21637200516_8a1a94eddc_m.jpg
1.0,213.0,https://farm1.staticflickr.com/771/21663154585_c76199dcb6_m.jpg
1.0,214.0,https://farm6.staticflickr.com/5731/21663086225_95693b3715_m.jpg
1.0,215.0,https://farm6.staticflickr.com/5818/21475184508_31d19c62c1_m.jpg
1.0,216.0,https://farm6.staticflickr.com/5776/21636950056_8cfeba8bf3_m.jpg
1.0,217.0,https://farm1.staticflickr.com/700/21476170419_a9962a4bd4_m.jpg
1.0,218.0,https://farm6.staticflickr.com/5622/21474964380_97e184e534_m.jpg
1.0,219.0,https://farm6.staticflickr.com/5663/21474956170_cdcc8ce249_m.jpg
1.0,220.0,https://farm1.staticflickr.com/663/21040186794_fe704f5576_m.jpg
1.0,221.0,https://farm1.staticflickr.com/702/21476025689_6733c15883_m.jpg
1.0,222.0,https://farm1.staticflickr.com/665/21475999549_02b868834b_m.jpg
1.0,223.0,https://farm1.staticflickr.com/769/21474936548_6be04dd531_m.jpg
1.0,224.0,https://farm6.staticflickr.com/5717/21475949579_e9f352e48d_m.jpg
1.0,225.0,https://farm6.staticflickr.com/5736/21651348282_5bc54c6281_m.jpg
1.0,226.0,https://farm1.staticflickr.com/610/21474818938_e3b3bb4d46_m.jpg
1.0,227.0,https://farm1.staticflickr.com/582/21651267422_301f8e90c2_m.jpg
1.0,228.0,https://farm1.staticflickr.com/660/21662625865_4fcd7d2a5a_m.jpg
1.0,229.0,https://farm6.staticflickr.com/5687/21636150006_78fae3aaf8_m.jpg
1.0,230.0,https://farm6.staticflickr.com/5662/21474707730_83191712c0_m.jpg
1.0,231.0,https://farm6.staticflickr.com/5788/21651189012_020ede7b93_m.jpg
1.0,232.0,https://farm6.staticflickr.com/5828/21475643739_0cf654e909_m.jpg
1.0,233.0,https://farm1.staticflickr.com/718/21660796065_99faf86de7_m.jpg
1.0,234.0,https://farm1.staticflickr.com/645/21474434910_963af8be9a_m.jpg
1.0,235.0,https://farm1.staticflickr.com/753/21475512129_1274696e59_m.jpg
1.0,236.0,https://farm6.staticflickr.com/5634/21474397880_56d5bba888_m.jpg
1.0,237.0,https://farm1.staticflickr.com/684/21650750772_d05a7445b2_m.jpg
1.0,238.0,https://farm6.staticflickr.com/5741/21671405351_ce2e0641f2_m.jpg
1.0,239.0,https://farm1.staticflickr.com/613/21041244123_1edfe1fcca_m.jpg
1.0,240.0,https://farm1.staticflickr.com/570/21671404051_f38a1f0bb4_m.jpg
1.0,241.0,https://farm1.staticflickr.com/658/21636187126_b869891cb3_m.jpg
1.0,242.0,https://farm1.staticflickr.com/678/21039518254_37af2dff0b_m.jpg
1.0,243.0,https://farm6.staticflickr.com/5738/21039466084_7241088557_m.jpg
1.0,244.0,https://farm1.staticflickr.com/621/21475202859_a83b2dc3e5_m.jpg
1.0,245.0,https://farm6.staticflickr.com/5749/21474081890_d9eced8d59_m.jpg
1.0,246.0,https://farm1.staticflickr.com/733/21650556962_4515cfd2cd_m.jpg
1.0,247.0,https://farm6.staticflickr.com/5781/21671004941_c4857ed0c9_m.jpg
1.0,248.0,https://farm6.staticflickr.com/5689/21670624801_f499048c2f_m.jpg
1.0,249.0,https://farm6.staticflickr.com/5654/21474629349_f2c44f8332_m.jpg
1.0,250.0,https://farm6.staticflickr.com/5647/21473802270_7990b195b1_m.jpg
1.0,251.0,https://farm6.staticflickr.com/5716/21473702490_2d30b812b8_m.jpg
1.0,252.0,https://farm1.staticflickr.com/680/21473669830_43631ed00d_m.jpg
1.0,253.0,https://farm1.staticflickr.com/652/21038672084_8bcc0b65fa_m.jpg
1.0,254.0,https://farm6.staticflickr.com/5819/21635268896_c6872906be_m.jpg
1.0,255.0,https://farm6.staticflickr.com/5827/21670474071_771ff8f444_m.jpg
1.0,256.0,https://farm1.staticflickr.com/578/21474473799_e9f07698b7_m.jpg
1.0,257.0,https://farm6.staticflickr.com/5680/21635226066_c8b6c3bf87_m.jpg
1.0,258.0,https://farm1.staticflickr.com/664/21473302880_ae36d53f34_m.jpg
1.0,259.0,https://farm1.staticflickr.com/578/21474322849_91b37c1cf9_m.jpg
1.0,260.0,https://farm6.staticflickr.com/5664/21474321739_0d06e75664_m.jpg
1.0,261.0,https://farm1.staticflickr.com/692/21670292841_36574de1ca_m.jpg
1.0,262.0,https://farm1.staticflickr.com/655/21474319639_7bff693a00_m.jpg
1.0,263.0,https://farm6.staticflickr.com/5670/21038467254_ae7a0ac813_m.jpg
1.0,264.0,https://farm6.staticflickr.com/5796/21038439474_6e58c319c5_m.jpg
1.0,265.0,https://farm1.staticflickr.com/767/21649660432_1576d70abd_m.jpg
1.0,266.0,https://farm1.staticflickr.com/592/21038392254_4a1ff53a08_m.jpg
1.0,267.0,https://farm1.staticflickr.com/717/21670200991_64d8649594_m.jpg
1.0,268.0,https://farm1.staticflickr.com/592/21473133310_8c94245379_m.jpg
1.0,269.0,https://farm6.staticflickr.com/5715/21670194941_ac54053516_m.jpg
1.0,270.0,https://farm6.staticflickr.com/5717/21473202108_946d671a4a_m.jpg
1.0,271.0,https://farm6.staticflickr.com/5822/21473198248_211de66c07_m.jpg
1.0,272.0,https://farm1.staticflickr.com/570/21670172551_91eaed5dc1_m.jpg
1.0,273.0,https://farm6.staticflickr.com/5698/21649625942_8d9d4c833c_m.jpg
1.0,274.0,https://farm1.staticflickr.com/616/21649623072_bd38905bc0_m.jpg
1.0,275.0,https://farm6.staticflickr.com/5743/21473183738_8ab343399a_m.jpg
1.0,276.0,https://farm6.staticflickr.com/5684/21660998265_e5f0bff4c5_m.jpg
1.0,277.0,https://farm1.staticflickr.com/753/21038349144_8aebef9ea1_m.jpg
1.0,278.0,https://farm6.staticflickr.com/5815/21473171568_1ed1844fed_m.jpg
1.0,279.0,https://farm6.staticflickr.com/5677/21040004073_8de587f548_m.jpg
1.0,280.0,https://farm6.staticflickr.com/5754/21040002953_cc9a0f397c_m.jpg
1.0,281.0,https://farm1.staticflickr.com/702/21474180779_af1df8aba4_m.jpg
1.0,282.0,https://farm1.staticflickr.com/621/21649600072_cf8d3a868e_m.jpg
1.0,283.0,https://farm6.staticflickr.com/5742/21634938666_95ff026708_m.jpg
1.0,284.0,https://farm1.staticflickr.com/615/21634937676_9639a2b0a8_m.jpg
1.0,285.0,https://farm1.staticflickr.com/590/21634936326_35c7b737c5_m.jpg
1.0,286.0,https://farm6.staticflickr.com/5748/21473150868_378da510a9_m.jpg
1.0,287.0,https://farm6.staticflickr.com/5678/21473066940_da698ac183_m.jpg
1.0,288.0,https://farm1.staticflickr.com/691/21039979693_a3123c42fb_m.jpg
1.0,289.0,https://farm6.staticflickr.com/5741/21038323184_6d9b6c1459_m.jpg
1.0,290.0,https://farm6.staticflickr.com/5833/21670131091_20c66c348e_m.jpg
1.0,291.0,https://farm1.staticflickr.com/628/21038316074_145102f181_m.jpg
1.0,292.0,https://farm1.staticflickr.com/739/21038309964_a5742fbe46_m.jpg
1.0,293.0,https://farm6.staticflickr.com/5618/21649571802_a497cd0398_m.jpg
1.0,294.0,https://farm1.staticflickr.com/774/21634908246_5c09e06a88_m.jpg
1.0,295.0,https://farm1.staticflickr.com/599/21473125058_aeb103cf85_m.jpg
1.0,296.0,https://farm1.staticflickr.com/674/21038296164_02a532831c_m.jpg
1.0,297.0,https://farm6.staticflickr.com/5755/21038295344_caf37a9d84_m.jpg
1.0,298.0,https://farm6.staticflickr.com/5815/21649552232_8d0c54fd24_m.jpg
1.0,299.0,https://farm1.staticflickr.com/588/21660927685_ef6e110799_m.jpg
1.0,300.0,https://farm6.staticflickr.com/5768/21473104998_9fa2684ef9_m.jpg
1.0,301.0,https://farm6.staticflickr.com/5776/21039931003_234511ac27_m.jpg
1.0,302.0,https://farm1.staticflickr.com/700/21660915705_38fde45b69_m.jpg
1.0,303.0,https://farm6.staticflickr.com/5687/21634879226_4e039ec2f5_m.jpg
1.0,304.0,https://farm6.staticflickr.com/5739/21038272294_591efee864_m.jpg
1.0,305.0,https://farm6.staticflickr.com/5674/21038265294_00ceae82dd_m.jpg
1.0,306.0,https://farm1.staticflickr.com/779/21660900235_47b4929f91_m.jpg
1.0,307.0,https://farm6.staticflickr.com/5659/21649523322_f541b72815_m.jpg
1.0,308.0,https://farm1.staticflickr.com/749/21649521452_97b643db14_m.jpg
1.0,309.0,https://farm6.staticflickr.com/5815/21472988050_64a1855f8b_m.jpg
1.0,310.0,https://farm6.staticflickr.com/5794/21660884375_38d4af2961_m.jpg
1.0,311.0,https://farm6.staticflickr.com/5672/21473067718_d60acda3fa_m.jpg
1.0,312.0,https://farm6.staticflickr.com/5682/21038234754_fbf21cbede_m.jpg
1.0,313.0,https://farm1.staticflickr.com/607/21038230904_fe9f79c46e_m.jpg
1.0,314.0,https://farm1.staticflickr.com/578/21038227994_cbe611caa9_m.jpg
1.0,315.0,https://farm1.staticflickr.com/670/21660863805_a2ed1da549_m.jpg
1.0,316.0,https://farm1.staticflickr.com/569/21038221104_2e68824a7d_m.jpg
1.0,317.0,https://farm1.staticflickr.com/764/21634821566_b00f58f21e_m.jpg
1.0,318.0,https://farm1.staticflickr.com/731/21472949930_d57da3d6fc_m.jpg
1.0,319.0,https://farm6.staticflickr.com/5683/21474047189_498de954dd_m.jpg
1.0,320.0,https://farm1.staticflickr.com/675/21039863803_0fede81825_m.jpg
1.0,321.0,https://farm6.staticflickr.com/5697/21660843765_a2389a05ec_m.jpg
1.0,322.0,https://farm1.staticflickr.com/628/21474037379_b416649ddd_m.jpg
1.0,323.0,https://farm1.staticflickr.com/587/21038197164_5eff837d4c_m.jpg
1.0,324.0,https://farm1.staticflickr.com/763/21038194844_ff449740e2_m.jpg
1.0,325.0,https://farm1.staticflickr.com/630/21474029859_b34f30f204_m.jpg
1.0,326.0,https://farm1.staticflickr.com/687/21670000121_5d0e9d6b0e_m.jpg
1.0,327.0,https://farm1.staticflickr.com/730/21039835113_8ae1818357_m.jpg
1.0,328.0,https://farm1.staticflickr.com/588/21474016989_bce5f9db96_m.jpg
1.0,329.0,https://farm1.staticflickr.com/681/21634782666_37463f3f77_m.jpg
1.0,330.0,https://farm6.staticflickr.com/5792/21649440952_a4d3ddd6de_m.jpg
1.0,331.0,https://farm6.staticflickr.com/5780/21038168584_d666e6e8bf_m.jpg
1.0,332.0,https://farm6.staticflickr.com/5763/21472908410_d27710bf2c_m.jpg
1.0,333.0,https://farm6.staticflickr.com/5665/21660805705_2a32b4a962_m.jpg
1.0,334.0,https://farm1.staticflickr.com/636/21038165214_379f4f52d6_m.jpg
1.0,335.0,https://farm1.staticflickr.com/605/21472981618_191309ee40_m.jpg
1.0,336.0,https://farm1.staticflickr.com/696/21038152744_f29a7e152e_m.jpg
1.0,337.0,https://farm1.staticflickr.com/699/21472892950_1d3350c094_m.jpg
1.0,338.0,https://farm6.staticflickr.com/5714/21473986269_670bd2bae1_m.jpg
1.0,339.0,https://farm6.staticflickr.com/5737/21649408492_fccfb3467f_m.jpg
1.0,340.0,https://farm1.staticflickr.com/781/21634740036_3a5d720194_m.jpg
1.0,341.0,https://farm1.staticflickr.com/662/21634740216_41c9840244_m.jpg
1.0,342.0,https://farm1.staticflickr.com/737/21660775225_a43cc8cd69_m.jpg
1.0,343.0,https://farm6.staticflickr.com/5670/21473965609_d79d6be507_m.jpg
1.0,344.0,https://farm6.staticflickr.com/5741/21634725456_ed957b14e6_m.jpg
1.0,345.0,https://farm1.staticflickr.com/720/21634723636_37cbee464e_m.jpg
1.0,346.0,https://farm6.staticflickr.com/5826/21660761135_f082d5f83c_m.jpg
1.0,347.0,https://farm6.staticflickr.com/5794/21660755055_61a17d0360_m.jpg
1.0,348.0,https://farm6.staticflickr.com/5834/21634713886_7b2077eff9_m.jpg
1.0,349.0,https://farm6.staticflickr.com/5643/21472934078_bbd934b2bc_m.jpg
1.0,350.0,https://farm1.staticflickr.com/731/21472848020_f67260d045_m.jpg
1.0,351.0,https://farm1.staticflickr.com/690/21472927948_a040a643f5_m.jpg
1.0,352.0,https://farm1.staticflickr.com/687/21473931269_6965319cc8_m.jpg
1.0,353.0,https://farm6.staticflickr.com/5619/21472836930_15b39846a7_m.jpg
1.0,354.0,https://farm1.staticflickr.com/564/21039743493_f8a9755949_m.jpg
1.0,355.0,https://farm6.staticflickr.com/5735/21649351562_d08d5a57e0_m.jpg
1.0,356.0,https://farm1.staticflickr.com/658/21038089284_61522a1d39_m.jpg
1.0,357.0,https://farm6.staticflickr.com/5809/21472911748_aaa40823dd_m.jpg
1.0,358.0,https://farm6.staticflickr.com/5763/21038075454_ed5ec5c6df_m.jpg
1.0,359.0,https://farm6.staticflickr.com/5712/21038075164_fb1a7721a3_m.jpg
1.0,360.0,https://farm1.staticflickr.com/604/21038070514_1d14dca66d_m.jpg
1.0,361.0,https://farm1.staticflickr.com/677/21660710555_c46d84a02c_m.jpg
1.0,362.0,https://farm6.staticflickr.com/5808/21649327102_8b21091b15_m.jpg
1.0,363.0,https://farm6.staticflickr.com/5682/21634665246_1e1b361b6e_m.jpg
1.0,364.0,https://farm1.staticflickr.com/611/21634662276_a7c3ee80fd_m.jpg
1.0,365.0,https://farm6.staticflickr.com/5715/21038057144_a2bb276713_m.jpg
1.0,366.0,https://farm6.staticflickr.com/5703/21038050224_2490323ea2_m.jpg
1.0,367.0,https://farm1.staticflickr.com/603/21472874898_6b39e7e864_m.jpg
1.0,368.0,https://farm1.staticflickr.com/594/21634648536_6d111baa28_m.jpg
1.0,369.0,https://farm1.staticflickr.com/770/21669850831_eb35e2a2dc_m.jpg
1.0,370.0,https://farm1.staticflickr.com/739/21039691053_d905ed51f1_m.jpg
1.0,371.0,https://farm1.staticflickr.com/704/21472776690_cb7ae6ce91_m.jpg
1.0,372.0,https://farm6.staticflickr.com/5684/21649298082_7b504a110a_m.jpg
1.0,373.0,https://farm6.staticflickr.com/5749/21473857839_5b0ebe423d_m.jpg
1.0,374.0,https://farm1.staticflickr.com/608/21472847358_2aa0c680f5_m.jpg
1.0,375.0,https://farm1.staticflickr.com/772/21660659175_a76f9d7b65_m.jpg
1.0,376.0,https://farm1.staticflickr.com/602/21669824571_95d36ee95b_m.jpg
1.0,377.0,https://farm1.staticflickr.com/737/21473845439_2b2e3f32d1_m.jpg
1.0,378.0,https://farm6.staticflickr.com/5650/21649269432_1c9cf197d2_m.jpg
1.0,379.0,https://farm6.staticflickr.com/5688/21472747000_240a206436_m.jpg
1.0,380.0,https://farm6.staticflickr.com/5808/21039914943_3329b243e8_m.jpg
1.0,381.0,https://farm1.staticflickr.com/767/21649402422_920222c898_m.jpg
1.0,382.0,https://farm1.staticflickr.com/757/21039741773_109fde53a9_m.jpg
1.0,383.0,https://farm1.staticflickr.com/759/21660681195_e55a409b9e_m.jpg
1.0,384.0,https://farm1.staticflickr.com/689/21473578249_8ae3a0f056_m.jpg
1.0,385.0,https://farm6.staticflickr.com/5631/21463823538_d6a6d353e9_m.jpg
1.0,386.0,https://farm6.staticflickr.com/5656/21472458478_02d06f5bc6_m.jpg
1.0,387.0,https://farm6.staticflickr.com/5761/21660227175_fe5598bb58_m.jpg
1.0,388.0,https://farm6.staticflickr.com/5721/21421262408_ae405669e8_m.jpg
1.0,389.0,https://farm1.staticflickr.com/660/21039060813_057b780559_m.jpg
1.0,390.0,https://farm1.staticflickr.com/763/21633953116_32a4cc6d7b_m.jpg
1.0,391.0,https://farm1.staticflickr.com/631/21472178648_25fedd57d7_m.jpg
1.0,392.0,https://farm1.staticflickr.com/762/21037350874_be097d631b_m.jpg
1.0,393.0,https://farm6.staticflickr.com/5698/21037349744_0d8a65ddb5_m.jpg
1.0,394.0,https://farm1.staticflickr.com/581/21669157091_71e56c03fb_m.jpg
1.0,395.0,https://farm6.staticflickr.com/5690/21648589422_709f3949db_m.jpg
1.0,396.0,https://farm6.staticflickr.com/5663/21038921463_0daeed0904_m.jpg
1.0,397.0,https://farm6.staticflickr.com/5674/21472017498_7f9dabb5a0_m.jpg
1.0,398.0,https://farm6.staticflickr.com/5732/21648455522_23dd523869_m.jpg
1.0,399.0,https://farm6.staticflickr.com/5714/21472006808_2ec58b3698_m.jpg
1.0,400.0,https://farm1.staticflickr.com/742/21472973039_39e62b3564_m.jpg
1.0,401.0,https://farm6.staticflickr.com/5792/21633734436_a0b42fd8da_m.jpg
1.0,402.0,https://farm1.staticflickr.com/755/21668926921_71045542c2_m.jpg
1.0,403.0,https://farm6.staticflickr.com/5663/21471929098_a6f4a85988_m.jpg
1.0,404.0,https://farm1.staticflickr.com/701/21668906571_83abffcaf4_m.jpg
1.0,405.0,https://farm1.staticflickr.com/620/21668904821_f73b030b31_m.jpg
1.0,406.0,https://farm6.staticflickr.com/5654/21472933069_3762ab0558_m.jpg
1.0,407.0,https://farm1.staticflickr.com/567/21038751833_2b8aa5e0fc_m.jpg
1.0,408.0,https://farm6.staticflickr.com/5656/21471833880_49ddf55e8b_m.jpg
1.0,409.0,https://farm6.staticflickr.com/5629/21472926279_45bf3a4b68_m.jpg
1.0,410.0,https://farm6.staticflickr.com/5817/21648230312_63b7fa3260_m.jpg
1.0,411.0,https://farm1.staticflickr.com/688/21668741131_c7e68345fb_m.jpg
1.0,412.0,https://farm6.staticflickr.com/5617/21038583193_76578bd091_m.jpg
1.0,413.0,https://farm1.staticflickr.com/629/21038573603_d24e3df8c0_m.jpg
1.0,414.0,https://farm1.staticflickr.com/601/21659553185_6be04933f1_m.jpg
1.0,415.0,https://farm1.staticflickr.com/593/21471811090_9b09cd47e2_m.jpg
1.0,416.0,https://farm1.staticflickr.com/649/21659686115_e040317e98_m.jpg
1.0,417.0,https://farm6.staticflickr.com/5658/21659681455_f452386b23_m.jpg
1.0,418.0,https://farm1.staticflickr.com/780/21471754320_95a02f8ccb_m.jpg
1.0,419.0,https://farm1.staticflickr.com/591/21038553613_7c019684c7_m.jpg
1.0,420.0,https://farm1.staticflickr.com/782/21471635320_0aacdc4b53_m.jpg
1.0,421.0,https://farm1.staticflickr.com/608/21472729509_94257387d1_m.jpg
1.0,422.0,https://farm6.staticflickr.com/5715/21659538415_cf20e34c3e_m.jpg
1.0,423.0,https://farm1.staticflickr.com/633/21472668959_a797544796_m.jpg
1.0,424.0,https://farm1.staticflickr.com/591/21668622041_bd6bf4771e_m.jpg
1.0,425.0,https://farm1.staticflickr.com/652/21038443313_a4587fdaaa_m.jpg
1.0,426.0,https://farm6.staticflickr.com/5780/21633341706_597af6037d_m.jpg
1.0,427.0,https://farm1.staticflickr.com/773/21471451040_80829957d3_m.jpg
1.0,428.0,https://farm1.staticflickr.com/753/21471533648_45aa1399c5_m.jpg
1.0,429.0,https://farm6.staticflickr.com/5662/21668502191_aa025a106a_m.jpg
1.0,430.0,https://farm6.staticflickr.com/5631/21037882193_0db5fb2d91_m.jpg
1.0,431.0,https://farm1.staticflickr.com/614/21659299325_135c7551b7_m.jpg
1.0,432.0,https://farm6.staticflickr.com/5706/21472467099_4c5d04a58d_m.jpg
1.0,433.0,https://farm1.staticflickr.com/658/21038172843_875b60e99d_m.jpg
1.0,434.0,https://farm1.staticflickr.com/737/21633049226_8ff68a11c8_m.jpg
1.0,435.0,https://farm6.staticflickr.com/5662/21036431564_f4f6607881_m.jpg
1.0,436.0,https://farm1.staticflickr.com/616/21472280929_5e7ab62755_m.jpg
1.0,437.0,https://farm1.staticflickr.com/704/21659056675_ba4cfc1105_m.jpg
1.0,438.0,https://farm6.staticflickr.com/5712/21036328374_23167cd7ed_m.jpg
1.0,439.0,https://farm1.staticflickr.com/582/21471140718_5207038d89_m.jpg
1.0,440.0,https://farm6.staticflickr.com/5748/21668057561_685cd5bc03_m.jpg
1.0,441.0,https://farm6.staticflickr.com/5678/21037810613_45044aaee3_m.jpg
1.0,442.0,https://farm6.staticflickr.com/5648/21658796615_1b8653f2d2_m.jpg
1.0,443.0,https://farm6.staticflickr.com/5644/21036115454_e68cd219d8_m.jpg
1.0,444.0,https://farm1.staticflickr.com/750/21658769795_8d6f33699a_m.jpg
1.0,445.0,https://farm1.staticflickr.com/564/21037777713_30645255e4_m.jpg
1.0,446.0,https://farm1.staticflickr.com/623/21037776573_d92c04c660_m.jpg
1.0,447.0,https://farm6.staticflickr.com/5705/21036111374_15c97aafea_m.jpg
1.0,448.0,https://farm1.staticflickr.com/583/21037768153_89acbd51df_m.jpg
1.0,449.0,https://farm1.staticflickr.com/629/21667783251_b68c4536fe_m.jpg
1.0,450.0,https://farm6.staticflickr.com/5769/21632580546_e0e39584a0_m.jpg
1.0,451.0,https://farm6.staticflickr.com/5741/21037628903_3ac69940cc_m.jpg
1.0,452.0,https://farm1.staticflickr.com/656/21471367309_3c0a4c435d_m.jpg
1.0,453.0,https://farm1.staticflickr.com/565/21037541633_7e20414ea5_m.jpg
1.0,454.0,https://farm1.staticflickr.com/680/21470606350_9958a8bdaf_m.jpg
1.0,455.0,https://farm6.staticflickr.com/5799/21647127462_266fd7e547_m.jpg
1.0,456.0,https://farm1.staticflickr.com/657/21667594901_7c69492e0c_m.jpg
1.0,457.0,https://farm1.staticflickr.com/579/21647009962_a83bf972ba_m.jpg
1.0,458.0,https://farm6.staticflickr.com/5678/21667492141_41367a369d_m.jpg
1.0,459.0,https://farm1.staticflickr.com/706/21667322301_236782f63d_m.jpg
1.0,460.0,https://farm1.staticflickr.com/654/21470190380_e9a551b5ff_m.jpg
1.0,461.0,https://farm1.staticflickr.com/614/21035432624_98f749ea94_m.jpg
1.0,462.0,https://farm6.staticflickr.com/5629/21037343873_a4a7c6aed7_m.jpg
1.0,463.0,https://farm1.staticflickr.com/635/21035607384_6470829789_m.jpg
1.0,464.0,https://farm6.staticflickr.com/5807/21658258825_9622e46269_m.jpg
1.0,465.0,https://farm1.staticflickr.com/632/21667414161_c23e8f6cb7_m.jpg
1.0,466.0,https://farm1.staticflickr.com/697/21470343750_c483b37ff9_m.jpg
1.0,467.0,https://farm6.staticflickr.com/5705/21646885562_40b9803837_m.jpg
1.0,468.0,https://farm6.staticflickr.com/5740/21037263813_de94aa1367_m.jpg
1.0,469.0,https://farm6.staticflickr.com/5629/21667414081_72d022983e_m.jpg
1.0,470.0,https://farm1.staticflickr.com/692/21646885652_cd8a35766f_m.jpg
1.0,471.0,https://farm1.staticflickr.com/619/21035602304_5dd163f022_m.jpg
1.0,472.0,https://farm1.staticflickr.com/741/21471442649_c13629304b_m.jpg
1.0,473.0,https://farm6.staticflickr.com/5829/21658256685_1c13949f1f_m.jpg
1.0,474.0,https://farm6.staticflickr.com/5747/21646884882_be3e8228a1_m.jpg
1.0,475.0,https://farm6.staticflickr.com/5711/21667399781_f6b743e9d3_m.jpg
1.0,476.0,https://farm1.staticflickr.com/597/21646867322_76766ab10a_m.jpg
1.0,477.0,https://farm1.staticflickr.com/703/21646834152_4e10135856_m.jpg
1.0,478.0,https://farm1.staticflickr.com/588/21646818442_d687648874_m.jpg
1.0,479.0,https://farm6.staticflickr.com/5733/21667343141_799d72ffa1_m.jpg
1.0,480.0,https://farm1.staticflickr.com/640/21035532934_a4b5195d74_m.jpg
1.0,481.0,https://farm6.staticflickr.com/5684/21035531614_c596a30f20_m.jpg
1.0,482.0,https://farm1.staticflickr.com/709/21035531114_bfa2db50d0_m.jpg
1.0,483.0,https://farm1.staticflickr.com/744/21037190403_fb13194b63_m.jpg
1.0,484.0,https://farm1.staticflickr.com/696/21632136116_c7c73cf5e8_m.jpg
1.0,485.0,https://farm6.staticflickr.com/5744/21035071304_828e0ac431_m.jpg
1.0,486.0,https://farm6.staticflickr.com/5728/21667247021_2fedb11c55_m.jpg
1.0,487.0,https://farm6.staticflickr.com/5727/21037049223_af3c03a6ef_m.jpg
1.0,488.0,https://farm1.staticflickr.com/687/21631974826_9ddf5401c1_m.jpg
1.0,489.0,https://farm6.staticflickr.com/5713/21471205819_d9d3f1b1d3_m.jpg
1.0,490.0,https://farm1.staticflickr.com/690/21646609462_0f4983d247_m.jpg
1.0,491.0,https://farm1.staticflickr.com/731/21666775951_4539a0839d_m.jpg
1.0,492.0,https://farm1.staticflickr.com/650/21646468272_038cabbaa6_m.jpg
1.0,493.0,https://farm1.staticflickr.com/684/21470007288_908b2f869d_m.jpg
1.0,494.0,https://farm1.staticflickr.com/635/21036827263_1121be9801_m.jpg
1.0,495.0,https://farm6.staticflickr.com/5637/21036773293_f3df998309_m.jpg
1.0,496.0,https://farm6.staticflickr.com/5749/21631566946_df9532c512_m.jpg
1.0,497.0,https://farm1.staticflickr.com/666/21631533506_a6c8f9ea41_m.jpg
1.0,498.0,https://farm1.staticflickr.com/738/21662453535_c442308975_m.jpg
1.0,499.0,https://farm1.staticflickr.com/595/21671412651_c5ec40b4b4_m.jpg
